crim,zn,indus,chas,nox,rm,age,dis,rad,tax,ptratio,bbtown,lstat,medv
0.006,18,2.31,0,0.538,6.575,65.2,4.09,1,296,15.3,396.898,4.98,24
0.027,0,7.07,0,0.469,6.421,78.9,4.967,2,242,17.8,396.898,9.14,21.6
0.027,0,7.07,0,0.469,7.185,61.1,4.967,2,242,17.8,392.828,4.03,34.7
0.032,0,2.18,0,0.458,6.998,45.8,6.062,3,222,18.7,394.629,2.94,33.4
0.069,0,2.18,0,0.458,7.147,54.2,6.062,3,222,18.7,396.898,5.33,36.2
0.03,0,2.18,0,0.458,6.43,58.7,6.062,3,222,18.7,394.119,5.21,28.7
0.088,12.5,7.87,0,0.524,6.012,66.6,5.56,5,311,15.2,395.6,12.43,22.9
0.145,12.5,7.87,0,0.524,6.172,96.1,5.95,5,311,15.2,396.898,19.15,27.1
0.211,12.5,7.87,0,0.524,5.631,100,6.082,5,311,15.2,386.629,29.93,16.5
0.17,12.5,7.87,0,0.524,6.004,85.9,6.592,5,311,15.2,386.709,17.1,18.9
0.225,12.5,7.87,0,0.524,6.377,94.3,6.347,5,311,15.2,392.52,20.45,15
0.117,12.5,7.87,0,0.524,6.009,82.9,6.227,5,311,15.2,396.898,13.27,18.9
0.094,12.5,7.87,0,0.524,5.889,39,5.451,5,311,15.2,390.5,15.71,21.7
0.63,0,8.14,0,0.538,5.949,61.8,4.707,4,307,21,396.898,8.26,20.4
0.638,0,8.14,0,0.538,6.096,84.5,4.462,4,307,21,380.02,10.26,18.2
0.627,0,8.14,0,0.538,5.834,56.5,4.499,4,307,21,395.619,8.47,19.9
1.054,0,8.14,0,0.538,5.935,29.3,4.499,4,307,21,386.85,6.58,23.1
0.784,0,8.14,0,0.538,5.99,81.7,4.258,4,307,21,386.75,14.67,17.5
0.803,0,8.14,0,0.538,5.456,36.6,3.796,4,307,21,288.988,11.69,20.2
0.726,0,8.14,0,0.538,5.727,69.5,3.796,4,307,21,390.949,11.28,18.2
1.252,0,8.14,0,0.538,5.57,98.1,3.798,4,307,21,376.568,21.02,13.6
0.852,0,8.14,0,0.538,5.965,89.2,4.012,4,307,21,392.529,13.83,19.6
1.232,0,8.14,0,0.538,6.142,91.7,3.977,4,307,21,396.898,18.72,15.2
0.988,0,8.14,0,0.538,5.813,100,4.095,4,307,21,394.539,19.88,14.5
0.75,0,8.14,0,0.538,5.924,94.1,4.4,4,307,21,394.328,16.3,15.6
0.841,0,8.14,0,0.538,5.599,85.7,4.455,4,307,21,303.42,16.51,13.9
0.672,0,8.14,0,0.538,5.813,90.3,4.682,4,307,21,376.879,14.81,16.6
0.956,0,8.14,0,0.538,6.047,88.8,4.453,4,307,21,306.379,17.28,14.8
0.773,0,8.14,0,0.538,6.495,94.4,4.455,4,307,21,387.939,12.8,18.4
1.002,0,8.14,0,0.538,6.674,87.3,4.239,4,307,21,380.229,11.98,21
1.131,0,8.14,0,0.538,5.713,94.1,4.233,4,307,21,360.17,22.6,12.7
1.355,0,8.14,0,0.538,6.072,100,4.175,4,307,21,376.729,13.04,14.5
1.388,0,8.14,0,0.538,5.95,82,3.99,4,307,21,232.6,27.71,13.2
1.152,0,8.14,0,0.538,5.701,95,3.787,4,307,21,358.77,18.35,13.1
1.613,0,8.14,0,0.538,6.096,96.9,3.76,4,307,21,248.31,20.34,13.5
0.064,0,5.96,0,0.499,5.933,68.2,3.36,5,279,19.2,396.898,9.68,18.9
0.097,0,5.96,0,0.499,5.841,61.4,3.378,5,279,19.2,377.559,11.41,20
0.08,0,5.96,0,0.499,5.85,41.5,3.934,5,279,19.2,396.898,8.77,21
0.175,0,5.96,0,0.499,5.966,30.2,3.847,5,279,19.2,393.43,10.13,24.7
0.028,75,2.95,0,0.428,6.595,21.8,5.401,3,252,18.3,395.629,4.32,30.8
0.034,75,2.95,0,0.428,7.024,15.8,5.401,3,252,18.3,395.619,1.98,34.9
0.127,0,6.91,0,0.448,6.77,2.9,5.721,3,233,17.9,385.408,4.84,26.6
0.141,0,6.91,0,0.448,6.169,6.6,5.721,3,233,17.9,383.369,5.81,25.3
0.159,0,6.91,0,0.448,6.211,6.5,5.721,3,233,17.9,394.459,7.44,24.7
0.123,0,6.91,0,0.448,6.069,40,5.721,3,233,17.9,389.389,9.55,21.2
0.171,0,6.91,0,0.448,5.682,33.8,5.1,3,233,17.9,396.898,10.21,19.3
0.188,0,6.91,0,0.448,5.786,33.3,5.1,3,233,17.9,396.898,14.15,20
0.229,0,6.91,0,0.448,6.03,85.5,5.689,3,233,17.9,392.738,18.8,16.6
0.254,0,6.91,0,0.448,5.399,95.3,5.87,3,233,17.9,396.898,30.81,14.4
0.22,0,6.91,0,0.448,5.602,62,6.088,3,233,17.9,396.898,16.2,19.4
0.089,21,5.64,0,0.439,5.963,45.7,6.815,4,243,16.8,395.559,13.45,19.7
0.043,21,5.64,0,0.439,6.115,63,6.815,4,243,16.8,393.969,9.43,20.5
0.054,21,5.64,0,0.439,6.511,21.1,6.815,4,243,16.8,396.898,5.28,25
0.05,21,5.64,0,0.439,5.998,21.4,6.815,4,243,16.8,396.898,8.43,23.4
0.014,75,4,0,0.41,5.888,47.6,7.32,3,469,21.1,396.898,14.8,18.9
0.013,90,1.22,0,0.403,7.249,21.9,8.697,5,226,17.9,395.93,4.81,35.4
0.021,85,0.74,0,0.41,6.383,35.7,9.188,2,313,17.3,396.898,5.77,24.7
0.014,100,1.32,0,0.411,6.816,40.5,8.325,5,256,15.1,392.898,3.95,31.6
0.154,25,5.13,0,0.453,6.145,29.2,7.815,8,284,19.7,390.68,6.86,23.3
0.103,25,5.13,0,0.453,5.927,47.2,6.932,8,284,19.7,396.898,9.22,19.6
0.149,25,5.13,0,0.453,5.741,66.2,7.225,8,284,19.7,395.109,13.15,18.7
0.172,25,5.13,0,0.453,5.966,93.4,6.818,8,284,19.7,378.078,14.44,16
0.11,25,5.13,0,0.453,6.456,67.8,7.225,8,284,19.7,396.898,6.73,22.2
0.126,25,5.13,0,0.453,6.762,43.4,7.981,8,284,19.7,395.578,9.5,25
0.02,17.5,1.38,0,0.416,7.104,59.5,9.223,3,216,18.6,393.238,8.05,33
0.036,80,3.37,0,0.398,6.29,17.8,6.611,4,337,16.1,396.898,4.67,23.5
0.044,80,3.37,0,0.398,5.787,31.1,6.611,4,337,16.1,396.898,10.24,19.4
0.058,12.5,6.07,0,0.409,5.878,21.4,6.498,4,345,18.9,396.209,8.1,22
0.136,12.5,6.07,0,0.409,5.594,36.8,6.498,4,345,18.9,396.898,13.09,17.4
0.128,12.5,6.07,0,0.409,5.885,33,6.498,4,345,18.9,396.898,8.79,20.9
0.088,0,10.81,0,0.413,6.417,6.6,5.287,4,305,19.2,383.729,6.72,24.2
0.159,0,10.81,0,0.413,5.961,17.5,5.287,4,305,19.2,376.939,9.88,21.7
0.092,0,10.81,0,0.413,6.065,7.8,5.287,4,305,19.2,390.908,5.52,22.8
0.195,0,10.81,0,0.413,6.245,6.2,5.287,4,305,19.2,377.17,7.54,23.4
0.079,0,12.83,0,0.437,6.273,6,4.251,5,398,18.7,394.92,6.78,24.1
0.095,0,12.83,0,0.437,6.286,45,4.503,5,398,18.7,383.229,8.94,21.4
0.102,0,12.83,0,0.437,6.279,74.5,4.052,5,398,18.7,373.658,11.97,20
0.087,0,12.83,0,0.437,6.14,45.8,4.09,5,398,18.7,386.959,10.27,20.8
0.056,0,12.83,0,0.437,6.232,53.7,5.014,5,398,18.7,386.398,12.34,21.2
0.084,0,12.83,0,0.437,5.874,36.6,4.503,5,398,18.7,396.059,9.1,20.3
0.041,25,4.86,0,0.426,6.727,33.5,5.401,4,281,19,396.898,5.29,28
0.045,25,4.86,0,0.426,6.619,70.4,5.401,4,281,19,395.629,7.22,23.9
0.037,25,4.86,0,0.426,6.302,32.2,5.401,4,281,19,396.898,6.72,24.8
0.036,25,4.86,0,0.426,6.167,46.7,5.401,4,281,19,390.639,7.51,22.9
0.051,0,4.49,0,0.449,6.389,48,4.779,3,247,18.5,396.898,9.62,23.9
0.057,0,4.49,0,0.449,6.63,56.1,4.438,3,247,18.5,392.299,6.53,26.6
0.052,0,4.49,0,0.449,6.015,45.1,4.427,3,247,18.5,395.988,12.86,22.5
0.072,0,4.49,0,0.449,6.121,56.8,3.748,3,247,18.5,395.148,8.44,22.2
0.057,0,3.41,0,0.489,7.007,86.3,3.422,2,270,17.8,396.898,5.5,23.6
0.053,0,3.41,0,0.489,7.079,63.1,3.414,2,270,17.8,396.059,5.7,28.7
0.047,0,3.41,0,0.489,6.417,66.1,3.092,2,270,17.8,392.18,8.81,22.6
0.039,0,3.41,0,0.489,6.405,73.9,3.092,2,270,17.8,393.549,8.2,22
0.042,28,15.04,0,0.464,6.442,53.6,3.666,4,270,18.2,395.01,8.16,22.9
0.029,28,15.04,0,0.464,6.211,28.9,3.666,4,270,18.2,396.328,6.21,25
0.043,28,15.04,0,0.464,6.249,77.3,3.615,4,270,18.2,396.898,10.59,20.6
0.122,0,2.89,0,0.445,6.625,57.8,3.495,2,276,18,357.979,6.65,28.4
0.115,0,2.89,0,0.445,6.163,69.6,3.495,2,276,18,391.828,11.34,21.4
0.121,0,2.89,0,0.445,8.069,76,3.495,2,276,18,396.898,4.21,38.7
0.082,0,2.89,0,0.445,7.82,36.9,3.495,2,276,18,393.529,3.57,43.8
0.069,0,2.89,0,0.445,7.416,62.5,3.495,2,276,18,396.898,6.19,33.2
0.149,0,8.56,0,0.52,6.727,79.9,2.778,5,384,20.9,394.76,9.42,27.5
0.114,0,8.56,0,0.52,6.781,71.3,2.856,5,384,20.9,395.578,7.67,26.5
0.229,0,8.56,0,0.52,6.405,85.4,2.715,5,384,20.9,70.8,10.63,18.6
0.212,0,8.56,0,0.52,6.137,87.4,2.715,5,384,20.9,394.469,13.44,19.3
0.14,0,8.56,0,0.52,6.167,90,2.421,5,384,20.9,392.689,12.33,20.1
0.133,0,8.56,0,0.52,5.851,96.7,2.107,5,384,20.9,394.049,16.47,19.5
0.171,0,8.56,0,0.52,5.836,91.9,2.211,5,384,20.9,395.67,18.66,19.5
0.131,0,8.56,0,0.52,6.127,85.2,2.122,5,384,20.9,387.689,14.09,20.4
0.128,0,8.56,0,0.52,6.474,97.1,2.433,5,384,20.9,395.238,12.27,19.8
0.264,0,8.56,0,0.52,6.229,91.2,2.545,5,384,20.9,391.229,15.55,19.4
0.108,0,8.56,0,0.52,6.195,54.4,2.778,5,384,20.9,393.488,13,21.7
0.101,0,10.01,0,0.547,6.715,81.6,2.677,6,432,17.8,395.59,10.16,22.8
0.123,0,10.01,0,0.547,5.913,92.9,2.353,6,432,17.8,394.949,16.21,18.8
0.222,0,10.01,0,0.547,6.092,95.4,2.548,6,432,17.8,396.898,17.09,18.7
0.142,0,10.01,0,0.547,6.254,84.2,2.256,6,432,17.8,388.738,10.45,18.5
0.171,0,10.01,0,0.547,5.928,88.2,2.463,6,432,17.8,344.908,15.76,18.3
0.132,0,10.01,0,0.547,6.176,72.5,2.73,6,432,17.8,393.299,12.04,21.2
0.151,0,10.01,0,0.547,6.021,82.6,2.747,6,432,17.8,394.51,10.3,19.2
0.131,0,10.01,0,0.547,5.872,73.1,2.477,6,432,17.8,338.629,15.37,20.4
0.145,0,10.01,0,0.547,5.731,65.2,2.759,6,432,17.8,391.5,13.61,19.3
0.069,0,25.65,0,0.581,5.87,69.7,2.258,2,188,19.1,389.148,14.37,22
0.072,0,25.65,0,0.581,6.004,84.1,2.197,2,188,19.1,377.67,14.27,20.3
0.093,0,25.65,0,0.581,5.961,92.9,2.087,2,188,19.1,378.09,17.93,20.5
0.15,0,25.65,0,0.581,5.856,97,1.944,2,188,19.1,370.309,25.41,17.3
0.098,0,25.65,0,0.581,5.879,95.8,2.006,2,188,19.1,379.379,17.58,18.8
0.169,0,25.65,0,0.581,5.986,88.4,1.993,2,188,19.1,385.02,14.81,21.4
0.387,0,25.65,0,0.581,5.613,95.6,1.757,2,188,19.1,359.289,27.26,15.7
0.259,0,21.89,0,0.624,5.693,96,1.788,4,437,21.2,392.109,17.19,16.2
0.325,0,21.89,0,0.624,6.431,98.8,1.812,4,437,21.2,396.898,15.39,18
0.881,0,21.89,0,0.624,5.637,94.7,1.98,4,437,21.2,396.898,18.34,14.3
0.34,0,21.89,0,0.624,6.458,98.9,2.118,4,437,21.2,395.039,12.6,19.2
1.193,0,21.89,0,0.624,6.326,97.7,2.271,4,437,21.2,396.898,12.26,19.6
0.59,0,21.89,0,0.624,6.372,97.9,2.327,4,437,21.2,385.76,11.12,23
0.33,0,21.89,0,0.624,5.822,95.4,2.47,4,437,21.2,388.689,15.03,18.4
0.976,0,21.89,0,0.624,5.757,98.4,2.346,4,437,21.2,262.76,17.31,15.6
0.558,0,21.89,0,0.624,6.335,98.2,2.111,4,437,21.2,394.67,16.96,18.1
0.323,0,21.89,0,0.624,5.942,93.5,1.967,4,437,21.2,378.25,16.9,17.4
0.352,0,21.89,0,0.624,6.454,98.4,1.85,4,437,21.2,394.078,14.59,17.1
0.25,0,21.89,0,0.624,5.857,98.2,1.669,4,437,21.2,392.039,21.32,13.3
0.545,0,21.89,0,0.624,6.151,97.9,1.669,4,437,21.2,396.898,18.46,17.8
0.291,0,21.89,0,0.624,6.174,93.6,1.612,4,437,21.2,388.078,24.16,14
1.629,0,21.89,0,0.624,5.019,100,1.439,4,437,21.2,396.898,34.41,14.4
3.321,0,19.58,1,0.871,5.403,100,1.322,5,403,14.7,396.898,26.82,13.4
4.097,0,19.58,0,0.871,5.468,100,1.412,5,403,14.7,396.898,26.42,15.6
2.78,0,19.58,0,0.871,4.903,97.8,1.346,5,403,14.7,396.898,29.29,11.8
2.379,0,19.58,0,0.871,6.13,100,1.419,5,403,14.7,172.909,27.8,13.8
2.155,0,19.58,0,0.871,5.628,100,1.517,5,403,14.7,169.27,16.65,15.6
2.369,0,19.58,0,0.871,4.926,95.7,1.461,5,403,14.7,391.709,29.53,14.6
2.331,0,19.58,0,0.871,5.186,93.8,1.53,5,403,14.7,356.988,28.32,17.8
2.734,0,19.58,0,0.871,5.597,94.9,1.526,5,403,14.7,351.85,21.45,15.4
1.657,0,19.58,0,0.871,6.122,97.3,1.618,5,403,14.7,372.799,14.1,21.5
1.496,0,19.58,0,0.871,5.404,100,1.592,5,403,14.7,341.6,13.28,19.6
1.127,0,19.58,1,0.871,5.012,88,1.61,5,403,14.7,343.279,12.12,15.3
2.149,0,19.58,0,0.871,5.709,98.5,1.623,5,403,14.7,261.949,15.79,19.4
1.414,0,19.58,1,0.871,6.129,96,1.749,5,403,14.7,321.02,15.12,17
3.535,0,19.58,1,0.871,6.152,82.6,1.745,5,403,14.7,88.01,15.02,15.6
2.447,0,19.58,0,0.871,5.272,94,1.736,5,403,14.7,88.63,16.14,13.1
1.224,0,19.58,0,0.605,6.943,97.4,1.877,5,403,14.7,363.43,4.59,41.3
1.343,0,19.58,0,0.605,6.066,100,1.757,5,403,14.7,353.889,6.43,24.3
1.425,0,19.58,0,0.871,6.51,100,1.766,5,403,14.7,364.309,7.39,23.3
1.273,0,19.58,1,0.605,6.25,92.6,1.798,5,403,14.7,338.92,5.5,27
1.463,0,19.58,0,0.605,7.489,90.8,1.971,5,403,14.7,374.43,1.73,50
1.834,0,19.58,1,0.605,7.802,98.2,2.041,5,403,14.7,389.609,1.92,50
1.519,0,19.58,1,0.605,8.375,93.9,2.162,5,403,14.7,388.449,3.32,50
2.242,0,19.58,0,0.605,5.854,91.8,2.422,5,403,14.7,395.109,11.64,22.7
2.924,0,19.58,0,0.605,6.101,93,2.283,5,403,14.7,240.159,9.81,25
2.01,0,19.58,0,0.605,7.929,96.2,2.046,5,403,14.7,369.299,3.7,50
1.8,0,19.58,0,0.605,5.877,79.2,2.426,5,403,14.7,227.609,12.14,23.8
2.3,0,19.58,0,0.605,6.319,96.1,2.1,5,403,14.7,297.09,11.1,23.8
2.45,0,19.58,0,0.605,6.402,95.2,2.262,5,403,14.7,330.039,11.32,22.3
1.207,0,19.58,0,0.605,5.875,94.6,2.426,5,403,14.7,292.289,14.43,17.4
2.314,0,19.58,0,0.605,5.88,97.3,2.389,5,403,14.7,348.129,12.03,19.1
0.139,0,4.05,0,0.51,5.572,88.5,2.596,5,296,16.6,396.898,14.69,23.1
0.092,0,4.05,0,0.51,6.416,84.1,2.646,5,296,16.6,395.5,9.04,23.6
0.084,0,4.05,0,0.51,5.859,68.7,2.702,5,296,16.6,393.229,9.64,22.6
0.067,0,4.05,0,0.51,6.546,33.1,3.132,5,296,16.6,390.959,5.33,29.4
0.07,0,4.05,0,0.51,6.02,47.2,3.555,5,296,16.6,393.229,10.11,23.2
0.054,0,4.05,0,0.51,6.315,73.4,3.317,5,296,16.6,395.6,6.29,24.6
0.066,0,4.05,0,0.51,6.86,74.4,2.915,5,296,16.6,391.27,6.92,29.9
0.058,0,2.46,0,0.488,6.98,58.4,2.829,3,193,17.8,396.898,5.04,37.2
0.066,0,2.46,0,0.488,7.765,83.3,2.741,3,193,17.8,395.559,7.56,39.8
0.069,0,2.46,0,0.488,6.144,62.2,2.598,3,193,17.8,396.898,9.45,36.2
0.091,0,2.46,0,0.488,7.155,92.2,2.701,3,193,17.8,394.119,4.82,37.9
0.1,0,2.46,0,0.488,6.563,95.6,2.847,3,193,17.8,396.898,5.68,32.5
0.083,0,2.46,0,0.488,5.604,89.8,2.988,3,193,17.8,391,13.98,26.4
0.06,0,2.46,0,0.488,6.153,68.8,3.28,3,193,17.8,387.109,13.15,29.6
0.056,0,2.46,0,0.488,7.831,53.6,3.199,3,193,17.8,392.629,4.45,50
0.079,45,3.44,0,0.437,6.782,41.1,3.789,5,398,15.2,393.869,6.68,32
0.126,45,3.44,0,0.437,6.556,29.1,4.567,5,398,15.2,382.84,4.56,29.8
0.084,45,3.44,0,0.437,7.185,38.9,4.567,5,398,15.2,396.898,5.39,34.9
0.091,45,3.44,0,0.437,6.951,21.5,6.48,5,398,15.2,377.68,5.1,37
0.069,45,3.44,0,0.437,6.739,30.8,6.48,5,398,15.2,389.709,4.69,30.5
0.087,45,3.44,0,0.437,7.178,26.3,6.48,5,398,15.2,390.488,2.87,36.4
0.022,60,2.93,0,0.401,6.8,9.9,6.22,1,265,15.6,393.369,5.03,31.1
0.014,60,2.93,0,0.401,6.604,18.8,6.22,1,265,15.6,376.699,4.38,29.1
0.014,80,0.46,0,0.422,7.875,32,5.648,4,255,14.4,394.229,2.97,50
0.04,80,1.52,0,0.404,7.287,34.1,7.309,2,329,12.6,396.898,4.08,33.3
0.047,80,1.52,0,0.404,7.107,36.6,7.309,2,329,12.6,354.309,8.61,30.3
0.038,80,1.52,0,0.404,7.274,38.3,7.309,2,329,12.6,392.199,6.62,34.6
0.031,95,1.47,0,0.403,6.975,15.3,7.653,3,402,17,396.898,4.56,34.9
0.018,95,1.47,0,0.403,7.135,13.9,7.653,3,402,17,384.299,4.45,32.9
0.034,82.5,2.03,0,0.415,6.162,38.4,6.27,2,348,14.7,393.77,7.43,24.1
0.022,82.5,2.03,0,0.415,7.61,15.7,6.27,2,348,14.7,395.379,3.11,42.3
0.035,95,2.68,0,0.416,7.853,33.2,5.118,4,224,14.7,392.779,3.81,48.5
0.02,95,2.68,0,0.416,8.034,31.9,5.118,4,224,14.7,390.549,2.88,50
0.136,0,10.59,0,0.489,5.891,22.3,3.945,4,277,18.6,396.898,10.87,22.6
0.23,0,10.59,0,0.489,6.326,52.5,4.355,4,277,18.6,394.869,10.97,24.4
0.252,0,10.59,0,0.489,5.783,72.7,4.355,4,277,18.6,389.43,18.06,22.5
0.136,0,10.59,1,0.489,6.064,59.1,4.239,4,277,18.6,381.318,14.66,24.4
0.436,0,10.59,1,0.489,5.344,100,3.875,4,277,18.6,396.898,23.09,20
0.174,0,10.59,1,0.489,5.96,92.1,3.877,4,277,18.6,393.25,17.27,21.7
0.376,0,10.59,1,0.489,5.404,88.6,3.665,4,277,18.6,395.238,23.98,19.3
0.217,0,10.59,1,0.489,5.807,53.8,3.653,4,277,18.6,390.939,16.03,22.4
0.141,0,10.59,0,0.489,6.375,32.3,3.945,4,277,18.6,385.809,9.38,28.1
0.29,0,10.59,0,0.489,5.412,9.8,3.587,4,277,18.6,348.93,29.55,23.7
0.198,0,10.59,0,0.489,6.182,42.4,3.945,4,277,18.6,393.629,9.47,25
0.046,0,13.89,1,0.55,5.888,56,3.112,5,276,16.4,392.799,13.51,23.3
0.07,0,13.89,0,0.55,6.642,85.1,3.421,5,276,16.4,392.779,9.69,28.7
0.111,0,13.89,1,0.55,5.951,93.8,2.889,5,276,16.4,396.898,17.92,21.5
0.114,0,13.89,1,0.55,6.373,92.4,3.363,5,276,16.4,393.738,10.5,23
0.358,0,6.2,1,0.507,6.951,88.5,2.862,8,307,17.4,391.699,9.71,26.7
0.408,0,6.2,1,0.507,6.164,91.3,3.048,8,307,17.4,395.238,21.46,21.7
0.624,0,6.2,1,0.507,6.879,77.7,3.272,8,307,17.4,390.389,9.93,27.5
0.615,0,6.2,0,0.507,6.618,80.8,3.272,8,307,17.4,396.898,7.6,30.1
0.315,0,6.2,0,0.504,8.266,78.3,2.894,8,307,17.4,385.049,4.14,44.8
0.527,0,6.2,0,0.504,8.725,83,2.894,8,307,17.4,382,4.63,50
0.382,0,6.2,0,0.504,8.04,86.5,3.216,8,307,17.4,387.379,3.13,37.6
0.412,0,6.2,0,0.504,7.163,79.9,3.216,8,307,17.4,372.078,6.36,31.6
0.298,0,6.2,0,0.504,7.686,17,3.375,8,307,17.4,377.51,3.92,46.7
0.442,0,6.2,0,0.504,6.552,21.4,3.375,8,307,17.4,380.34,3.76,31.5
0.537,0,6.2,0,0.504,5.981,68.1,3.671,8,307,17.4,378.35,11.65,24.3
0.463,0,6.2,0,0.504,7.412,76.9,3.671,8,307,17.4,376.139,5.25,31.7
0.575,0,6.2,0,0.507,8.337,73.3,3.838,8,307,17.4,385.908,2.47,41.7
0.331,0,6.2,0,0.507,8.247,70.4,3.652,8,307,17.4,378.949,3.95,48.3
0.448,0,6.2,1,0.507,6.726,66.5,3.652,8,307,17.4,360.199,8.05,29
0.33,0,6.2,0,0.507,6.086,61.5,3.652,8,307,17.4,376.75,10.88,24
0.521,0,6.2,1,0.507,6.631,76.5,4.148,8,307,17.4,388.449,9.54,25.1
0.512,0,6.2,0,0.507,7.358,71.6,4.148,8,307,17.4,390.068,4.73,31.5
0.082,30,4.93,0,0.428,6.481,18.5,6.19,6,300,16.6,379.408,6.36,23.7
0.093,30,4.93,0,0.428,6.606,42.2,6.19,6,300,16.6,383.779,7.37,23.3
0.113,30,4.93,0,0.428,6.897,54.3,6.336,6,300,16.6,391.25,11.38,22
0.106,30,4.93,0,0.428,6.095,65.1,6.336,6,300,16.6,394.619,12.4,20.1
0.103,30,4.93,0,0.428,6.358,52.9,7.035,6,300,16.6,372.75,11.22,22.2
0.128,30,4.93,0,0.428,6.393,7.8,7.035,6,300,16.6,374.709,5.19,23.7
0.206,22,5.86,0,0.431,5.593,76.5,7.955,7,330,19.1,372.488,12.5,17.6
0.191,22,5.86,0,0.431,5.605,70.2,7.955,7,330,19.1,389.129,18.46,18.5
0.34,22,5.86,0,0.431,6.108,34.9,8.055,7,330,19.1,390.18,9.16,24.3
0.197,22,5.86,0,0.431,6.226,79.2,8.055,7,330,19.1,376.139,10.15,20.5
0.164,22,5.86,0,0.431,6.433,49.1,7.826,7,330,19.1,374.709,9.52,24.5
0.191,22,5.86,0,0.431,6.718,17.5,7.826,7,330,19.1,393.738,6.56,26.2
0.14,22,5.86,0,0.431,6.487,13,7.397,7,330,19.1,396.279,5.9,24.4
0.214,22,5.86,0,0.431,6.438,8.9,7.397,7,330,19.1,377.068,3.59,24.8
0.082,22,5.86,0,0.431,6.957,6.8,8.907,7,330,19.1,386.09,3.53,29.6
0.369,22,5.86,0,0.431,8.259,8.4,8.907,7,330,19.1,396.898,3.54,42.8
0.048,80,3.64,0,0.392,6.108,32,9.22,1,315,16.4,392.889,6.57,21.9
0.035,80,3.64,0,0.392,5.876,19.1,9.22,1,315,16.4,395.18,9.25,20.9
0.015,90,3.75,0,0.394,7.454,34.2,6.336,3,244,15.9,386.34,3.11,44
0.612,20,3.97,0,0.647,8.704,86.9,1.801,5,264,13,389.699,5.12,50
0.664,20,3.97,0,0.647,7.333,100,1.895,5,264,13,383.289,7.79,36
0.657,20,3.97,0,0.647,6.842,100,2.011,5,264,13,391.93,6.9,30.1
0.54,20,3.97,0,0.647,7.203,81.8,2.112,5,264,13,392.799,9.59,33.8
0.534,20,3.97,0,0.647,7.52,89.4,2.14,5,264,13,388.369,7.26,43.1
0.52,20,3.97,0,0.647,8.398,91.5,2.288,5,264,13,386.859,5.91,48.8
0.825,20,3.97,0,0.647,7.327,94.5,2.079,5,264,13,393.42,11.25,31
0.55,20,3.97,0,0.647,7.206,91.6,1.93,5,264,13,387.889,8.1,36.5
0.762,20,3.97,0,0.647,5.56,62.8,1.986,5,264,13,392.398,10.45,22.8
0.786,20,3.97,0,0.647,7.014,84.6,2.133,5,264,13,384.068,14.79,30.7
0.578,20,3.97,0,0.575,8.297,67,2.422,5,264,13,384.539,7.44,50
0.54,20,3.97,0,0.575,7.47,52.6,2.872,5,264,13,390.299,3.16,43.5
0.091,20,6.96,1,0.464,5.92,61.5,3.917,3,223,18.6,391.34,13.65,20.7
0.299,20,6.96,0,0.464,5.856,42.1,4.429,3,223,18.6,388.648,13,21.1
0.162,20,6.96,0,0.464,6.24,16.3,4.429,3,223,18.6,396.898,6.59,25.2
0.115,20,6.96,0,0.464,6.538,58.7,3.917,3,223,18.6,394.959,7.73,24.4
0.222,20,6.96,1,0.464,7.691,51.8,4.366,3,223,18.6,390.77,6.58,35.2
0.056,40,6.41,1,0.447,6.758,32.9,4.078,4,254,17.6,396.898,3.53,32.4
0.096,40,6.41,0,0.447,6.854,42.8,4.267,4,254,17.6,396.898,2.98,32
0.105,40,6.41,1,0.447,7.267,49,4.787,4,254,17.6,389.25,6.05,33.2
0.061,40,6.41,1,0.447,6.826,27.6,4.863,4,254,17.6,393.449,4.16,33.1
0.08,40,6.41,0,0.447,6.482,32.1,4.14,4,254,17.6,396.898,7.19,29.1
0.21,20,3.33,0,0.443,6.812,32.2,4.101,5,216,14.9,396.898,4.85,35.1
0.036,20,3.33,0,0.443,7.82,64.5,4.695,5,216,14.9,387.309,3.76,45.4
0.037,20,3.33,0,0.443,6.968,37.2,5.245,5,216,14.9,392.229,4.59,35.4
0.061,20,3.33,1,0.443,7.645,49.7,5.212,5,216,14.9,377.068,3.01,46
0.015,90,1.21,1,0.401,7.923,24.8,5.885,1,198,13.6,395.52,3.16,50
0.009,90,2.97,0,0.4,7.088,20.8,7.307,1,285,15.3,394.719,7.85,32.2
0.011,55,2.25,0,0.389,6.453,31.9,7.307,1,300,15.3,394.719,8.23,22
0.02,80,1.76,0,0.385,6.23,31.5,9.089,1,241,18.2,341.6,12.93,20.1
0.039,52.5,5.32,0,0.405,6.209,31.3,7.317,6,293,16.6,396.898,7.14,23.2
0.046,52.5,5.32,0,0.405,6.315,45.6,7.317,6,293,16.6,396.898,7.6,22.3
0.043,52.5,5.32,0,0.405,6.565,22.9,7.317,6,293,16.6,371.719,9.51,24.8
0.035,80,4.95,0,0.411,6.861,27.9,5.117,4,245,19.2,396.898,3.33,28.5
0.079,80,4.95,0,0.411,7.148,27.7,5.117,4,245,19.2,396.898,3.56,37.3
0.036,80,4.95,0,0.411,6.63,23.4,5.117,4,245,19.2,396.898,4.7,27.9
0.083,0,13.92,0,0.437,6.127,18.4,5.503,4,289,16,396.898,8.58,23.9
0.082,0,13.92,0,0.437,6.009,42.3,5.503,4,289,16,396.898,10.4,21.7
0.129,0,13.92,0,0.437,6.678,31.1,5.96,4,289,16,396.898,6.27,28.6
0.054,0,13.92,0,0.437,6.549,51,5.96,4,289,16,392.85,7.39,27.1
0.141,0,13.92,0,0.437,5.79,58,6.32,4,289,16,396.898,15.84,20.3
0.065,70,2.24,0,0.4,6.345,20.1,7.828,5,358,14.8,368.238,4.97,22.5
0.056,70,2.24,0,0.4,7.041,10,7.828,5,358,14.8,371.578,4.74,29
0.044,70,2.24,0,0.4,6.871,47.4,7.828,5,358,14.8,390.859,6.07,24.8
0.035,34,6.09,0,0.433,6.59,40.4,5.492,7,329,16.1,395.75,9.5,22
0.093,34,6.09,0,0.433,6.495,18.4,5.492,7,329,16.1,383.609,8.67,26.4
0.1,34,6.09,0,0.433,6.982,17.7,5.492,7,329,16.1,390.43,4.86,33.1
0.055,33,2.18,0,0.472,7.236,41.1,4.022,7,222,18.4,393.68,6.93,36.1
0.055,33,2.18,0,0.472,6.616,58.1,3.37,7,222,18.4,393.359,8.93,28.4
0.075,33,2.18,0,0.472,7.42,71.9,3.099,7,222,18.4,396.898,6.47,33.4
0.049,33,2.18,0,0.472,6.849,70.3,3.183,7,222,18.4,396.898,7.53,28.2
0.493,0,9.9,0,0.544,6.635,82.5,3.317,4,304,18.4,396.898,4.54,22.8
0.349,0,9.9,0,0.544,5.972,76.7,3.102,4,304,18.4,396.238,9.97,20.3
2.635,0,9.9,0,0.544,4.973,37.8,2.519,4,304,18.4,350.449,12.64,16.1
0.79,0,9.9,0,0.544,6.122,52.8,2.64,4,304,18.4,396.898,5.98,22.1
0.262,0,9.9,0,0.544,6.023,90.4,2.834,4,304,18.4,396.299,11.72,19.4
0.269,0,9.9,0,0.544,6.266,82.8,3.263,4,304,18.4,393.389,7.9,21.6
0.369,0,9.9,0,0.544,6.567,87.3,3.602,4,304,18.4,395.689,9.28,23.8
0.254,0,9.9,0,0.544,5.705,77.7,3.945,4,304,18.4,396.42,11.5,16.2
0.318,0,9.9,0,0.544,5.914,83.2,3.999,4,304,18.4,390.699,18.33,17.8
0.245,0,9.9,0,0.544,5.782,71.7,4.032,4,304,18.4,396.898,15.94,19.8
0.402,0,9.9,0,0.544,6.382,67.2,3.532,4,304,18.4,395.209,10.36,23.1
0.475,0,9.9,0,0.544,6.113,58.8,4.002,4,304,18.4,396.229,12.73,21
0.168,0,7.38,0,0.493,6.426,52.3,4.54,5,287,19.6,396.898,7.2,23.8
0.182,0,7.38,0,0.493,6.376,54.3,4.54,5,287,19.6,396.898,6.87,23.1
0.351,0,7.38,0,0.493,6.041,49.9,4.721,5,287,19.6,396.898,7.7,20.4
0.284,0,7.38,0,0.493,5.708,74.3,4.721,5,287,19.6,391.129,11.74,18.5
0.341,0,7.38,0,0.493,6.415,40.1,4.721,5,287,19.6,396.898,6.12,25
0.192,0,7.38,0,0.493,6.431,14.7,5.416,5,287,19.6,393.68,5.08,24.6
0.303,0,7.38,0,0.493,6.312,28.9,5.416,5,287,19.6,396.898,6.15,23
0.241,0,7.38,0,0.493,6.083,43.7,5.416,5,287,19.6,396.898,12.79,22.2
0.066,0,3.24,0,0.46,5.868,25.8,5.215,4,430,16.9,382.439,9.97,19.3
0.067,0,3.24,0,0.46,6.333,17.2,5.215,4,430,16.9,375.209,7.34,22.6
0.045,0,3.24,0,0.46,6.144,32.2,5.874,4,430,16.9,368.568,9.09,19.8
0.05,35,6.06,0,0.438,5.706,28.4,6.641,1,304,16.9,394.02,12.43,17.1
0.035,35,6.06,0,0.438,6.031,23.3,6.641,1,304,16.9,362.25,7.83,19.4
0.051,0,5.19,0,0.515,6.316,38.1,6.458,5,224,20.2,389.709,5.68,22.2
0.037,0,5.19,0,0.515,6.31,38.5,6.458,5,224,20.2,389.398,6.75,20.7
0.04,0,5.19,0,0.515,6.037,34.5,5.985,5,224,20.2,396.898,8.01,21.1
0.034,0,5.19,0,0.515,5.869,46.3,5.231,5,224,20.2,396.898,9.8,19.5
0.03,0,5.19,0,0.515,5.895,59.6,5.615,5,224,20.2,394.809,10.56,18.5
0.033,0,5.19,0,0.515,6.059,37.3,4.812,5,224,20.2,396.139,8.51,20.6
0.055,0,5.19,0,0.515,5.985,45.4,4.812,5,224,20.2,396.898,9.74,19
0.062,0,5.19,0,0.515,5.968,58.5,4.812,5,224,20.2,396.898,9.29,18.7
0.013,35,1.52,0,0.442,7.241,49.3,7.038,1,284,15.5,394.738,5.49,32.7
0.025,0,1.89,0,0.518,6.54,59.7,6.267,1,422,15.9,389.959,8.65,16.5
0.025,55,3.78,0,0.484,6.696,56.4,5.732,5,370,17.6,396.898,7.18,23.9
0.03,55,3.78,0,0.484,6.874,28.1,6.465,5,370,17.6,387.969,4.61,31.2
0.031,0,4.39,0,0.442,6.014,48.5,8.014,3,352,18.8,385.639,10.53,17.5
0.062,0,4.39,0,0.442,5.898,52.3,8.014,3,352,18.8,364.609,12.67,17.2
0.019,85,4.15,0,0.429,6.516,27.7,8.535,4,351,17.9,392.43,6.36,23.1
0.015,80,2.01,0,0.435,6.635,29.7,8.344,4,280,17,390.939,5.99,24.5
0.029,40,1.25,0,0.429,6.939,34.5,8.792,1,335,19.7,389.85,5.89,26.6
0.062,40,1.25,0,0.429,6.49,44.4,8.792,1,335,19.7,396.898,5.98,22.9
0.079,60,1.69,0,0.411,6.579,35.9,10.71,4,411,18.3,370.779,5.49,24.1
0.072,60,1.69,0,0.411,5.884,18.5,10.71,4,411,18.3,392.328,7.79,18.6
0.017,90,2.02,0,0.41,6.728,36.1,12.126,5,187,17,384.459,4.5,30.1
0.043,80,1.91,0,0.413,5.663,21.9,10.586,4,334,22,382.799,8.05,18.2
0.107,80,1.91,0,0.413,5.936,19.5,10.586,4,334,22,376.039,5.57,20.6
8.983,0,18.1,1,0.77,6.212,97.4,2.122,24,666,20.2,377.729,17.6,17.8
3.85,0,18.1,1,0.77,6.395,91,2.505,24,666,20.2,391.34,13.27,21.7
5.202,0,18.1,1,0.77,6.127,83.4,2.723,24,666,20.2,395.43,11.48,22.7
4.261,0,18.1,0,0.77,6.112,81.3,2.509,24,666,20.2,390.738,12.67,22.6
4.542,0,18.1,0,0.77,6.398,88,2.518,24,666,20.2,374.559,7.79,25
3.837,0,18.1,0,0.77,6.251,91.1,2.295,24,666,20.2,350.648,14.19,19.9
3.678,0,18.1,0,0.77,5.362,96.2,2.104,24,666,20.2,380.789,10.19,20.8
4.222,0,18.1,1,0.77,5.803,89,1.905,24,666,20.2,353.039,14.64,16.8
3.474,0,18.1,1,0.718,8.78,82.9,1.905,24,666,20.2,354.549,5.29,21.9
4.556,0,18.1,0,0.718,3.561,87.9,1.613,24,666,20.2,354.699,7.12,27.5
3.697,0,18.1,0,0.718,4.963,91.4,1.752,24,666,20.2,316.029,14,21.9
13.522,0,18.1,0,0.631,3.863,100,1.511,24,666,20.2,131.42,13.33,23.1
4.898,0,18.1,0,0.631,4.97,100,1.332,24,666,20.2,375.52,3.26,50
5.67,0,18.1,1,0.631,6.683,96.8,1.357,24,666,20.2,375.328,3.73,50
6.539,0,18.1,1,0.631,7.016,97.5,1.202,24,666,20.2,392.049,2.96,50
9.232,0,18.1,0,0.631,6.216,100,1.169,24,666,20.2,366.148,9.53,50
8.267,0,18.1,1,0.668,5.875,89.6,1.13,24,666,20.2,347.879,8.88,50
11.108,0,18.1,0,0.668,4.906,100,1.174,24,666,20.2,396.898,34.77,13.8
18.498,0,18.1,0,0.668,4.138,100,1.137,24,666,20.2,396.898,37.97,13.8
19.609,0,18.1,0,0.671,7.313,97.9,1.316,24,666,20.2,396.898,13.44,15
15.288,0,18.1,0,0.671,6.649,93.3,1.345,24,666,20.2,363.02,23.24,13.9
9.823,0,18.1,0,0.671,6.794,98.8,1.358,24,666,20.2,396.898,21.24,13.3
23.648,0,18.1,0,0.671,6.38,96.2,1.386,24,666,20.2,396.898,23.69,13.1
17.867,0,18.1,0,0.671,6.223,100,1.386,24,666,20.2,393.738,21.78,10.2
88.976,0,18.1,0,0.671,6.968,91.9,1.416,24,666,20.2,396.898,17.21,10.4
15.874,0,18.1,0,0.671,6.545,99.1,1.519,24,666,20.2,396.898,21.08,10.9
9.187,0,18.1,0,0.7,5.536,100,1.58,24,666,20.2,396.898,23.6,11.3
7.992,0,18.1,0,0.7,5.52,100,1.533,24,666,20.2,396.898,24.56,12.3
20.085,0,18.1,0,0.7,4.368,91.2,1.439,24,666,20.2,285.828,30.63,8.8
16.812,0,18.1,0,0.7,5.277,98.1,1.426,24,666,20.2,396.898,30.81,7.2
24.394,0,18.1,0,0.7,4.652,100,1.467,24,666,20.2,396.898,28.28,10.5
22.597,0,18.1,0,0.7,5,89.5,1.518,24,666,20.2,396.898,31.99,7.4
14.334,0,18.1,0,0.7,4.88,100,1.589,24,666,20.2,372.92,30.62,10.2
8.152,0,18.1,0,0.7,5.39,98.9,1.728,24,666,20.2,396.898,20.85,11.5
6.962,0,18.1,0,0.7,5.713,97,1.926,24,666,20.2,394.43,17.11,15.1
5.293,0,18.1,0,0.7,6.051,82.5,2.168,24,666,20.2,378.379,18.76,23.2
11.578,0,18.1,0,0.7,5.036,97,1.77,24,666,20.2,396.898,25.68,9.7
8.645,0,18.1,0,0.693,6.193,92.6,1.791,24,666,20.2,396.898,15.17,13.8
13.36,0,18.1,0,0.693,5.887,94.7,1.782,24,666,20.2,396.898,16.35,12.7
8.717,0,18.1,0,0.693,6.471,98.8,1.726,24,666,20.2,391.979,17.12,13.1
5.872,0,18.1,0,0.693,6.405,96,1.677,24,666,20.2,396.898,19.37,12.5
7.672,0,18.1,0,0.693,5.747,98.9,1.633,24,666,20.2,393.1,19.92,8.5
38.352,0,18.1,0,0.693,5.453,100,1.49,24,666,20.2,396.898,30.59,5
9.917,0,18.1,0,0.693,5.852,77.8,1.5,24,666,20.2,338.158,29.97,6.3
25.046,0,18.1,0,0.693,5.987,100,1.589,24,666,20.2,396.898,26.77,5.6
14.236,0,18.1,0,0.693,6.343,100,1.574,24,666,20.2,396.898,20.32,7.2
9.596,0,18.1,0,0.693,6.404,100,1.639,24,666,20.2,376.109,20.31,12.1
24.802,0,18.1,0,0.693,5.349,96,1.703,24,666,20.2,396.898,19.77,8.3
41.529,0,18.1,0,0.693,5.531,85.4,1.607,24,666,20.2,329.459,27.38,8.5
67.92,0,18.1,0,0.693,5.683,100,1.425,24,666,20.2,384.969,22.98,5
20.716,0,18.1,0,0.659,4.138,100,1.178,24,666,20.2,370.219,23.34,11.9
11.951,0,18.1,0,0.659,5.608,100,1.285,24,666,20.2,332.09,12.13,27.9
7.404,0,18.1,0,0.597,5.617,97.9,1.455,24,666,20.2,314.639,26.4,17.2
14.438,0,18.1,0,0.597,6.852,100,1.465,24,666,20.2,179.359,19.78,27.5
51.136,0,18.1,0,0.597,5.757,100,1.413,24,666,20.2,2.6,10.11,15
14.051,0,18.1,0,0.597,6.657,100,1.527,24,666,20.2,35.05,21.22,17.2
18.811,0,18.1,0,0.597,4.628,100,1.554,24,666,20.2,28.79,34.37,17.9
28.656,0,18.1,0,0.597,5.155,100,1.589,24,666,20.2,210.97,20.08,16.3
45.746,0,18.1,0,0.693,4.519,100,1.658,24,666,20.2,88.27,36.98,7
18.085,0,18.1,0,0.679,6.434,100,1.835,24,666,20.2,27.25,29.05,7.2
10.834,0,18.1,0,0.679,6.782,90.8,1.819,24,666,20.2,21.57,25.79,7.5
25.941,0,18.1,0,0.679,5.304,89.1,1.647,24,666,20.2,127.36,26.64,10.4
73.534,0,18.1,0,0.679,5.957,100,1.803,24,666,20.2,16.45,20.62,8.8
11.812,0,18.1,0,0.718,6.824,76.5,1.794,24,666,20.2,48.45,22.74,8.4
11.087,0,18.1,0,0.718,6.411,100,1.859,24,666,20.2,318.75,15.02,16.7
7.023,0,18.1,0,0.718,6.006,95.3,1.875,24,666,20.2,319.979,15.7,14.2
12.048,0,18.1,0,0.614,5.648,87.6,1.951,24,666,20.2,291.549,14.1,20.8
7.05,0,18.1,0,0.614,6.103,85.1,2.022,24,666,20.2,2.52,23.29,13.4
8.792,0,18.1,0,0.584,5.565,70.6,2.063,24,666,20.2,3.65,17.16,11.7
15.86,0,18.1,0,0.679,5.896,95.4,1.91,24,666,20.2,7.68,24.39,8.3
12.247,0,18.1,0,0.584,5.837,59.7,1.998,24,666,20.2,24.65,15.69,10.2
37.662,0,18.1,0,0.679,6.202,78.7,1.863,24,666,20.2,18.82,14.52,10.9
7.367,0,18.1,0,0.679,6.193,78.1,1.936,24,666,20.2,96.73,21.52,11
9.339,0,18.1,0,0.679,6.38,95.6,1.968,24,666,20.2,60.72,24.08,9.5
8.492,0,18.1,0,0.584,6.348,86.1,2.053,24,666,20.2,83.45,17.64,14.5
10.062,0,18.1,0,0.584,6.833,94.3,2.088,24,666,20.2,81.33,19.69,14.1
6.444,0,18.1,0,0.584,6.425,74.8,2.2,24,666,20.2,97.95,12.03,16.1
5.581,0,18.1,0,0.713,6.436,87.9,2.316,24,666,20.2,100.19,16.22,14.3
13.913,0,18.1,0,0.713,6.208,95,2.222,24,666,20.2,100.63,15.17,11.7
11.16,0,18.1,0,0.74,6.629,94.6,2.125,24,666,20.2,109.85,23.27,13.4
14.421,0,18.1,0,0.74,6.461,93.3,2.003,24,666,20.2,27.49,18.05,9.6
15.177,0,18.1,0,0.74,6.152,100,1.914,24,666,20.2,9.32,26.45,8.7
13.678,0,18.1,0,0.74,5.935,87.9,1.821,24,666,20.2,68.95,34.02,8.4
9.391,0,18.1,0,0.74,5.627,93.9,1.817,24,666,20.2,396.898,22.88,12.8
22.051,0,18.1,0,0.74,5.818,92.4,1.866,24,666,20.2,391.449,22.11,10.5
9.724,0,18.1,0,0.74,6.406,97.2,2.065,24,666,20.2,385.959,19.52,17.1
5.666,0,18.1,0,0.74,6.219,100,2.005,24,666,20.2,395.689,16.59,18.4
9.966,0,18.1,0,0.74,6.485,100,1.978,24,666,20.2,386.729,18.85,15.4
12.802,0,18.1,0,0.74,5.854,96.6,1.896,24,666,20.2,240.52,23.79,10.8
10.672,0,18.1,0,0.74,6.459,94.8,1.988,24,666,20.2,43.06,23.98,11.8
6.288,0,18.1,0,0.74,6.341,96.4,2.072,24,666,20.2,318.01,17.79,14.9
9.925,0,18.1,0,0.74,6.251,96.6,2.198,24,666,20.2,388.52,16.44,12.6
9.329,0,18.1,0,0.713,6.185,98.7,2.262,24,666,20.2,396.898,18.13,14.1
7.526,0,18.1,0,0.713,6.417,98.3,2.185,24,666,20.2,304.209,19.31,13
6.718,0,18.1,0,0.713,6.749,92.6,2.324,24,666,20.2,0.32,17.44,13.4
5.441,0,18.1,0,0.713,6.655,98.2,2.355,24,666,20.2,355.289,17.73,15.2
5.09,0,18.1,0,0.713,6.297,91.8,2.368,24,666,20.2,385.09,17.27,16.1
8.248,0,18.1,0,0.713,7.393,99.3,2.453,24,666,20.2,375.869,16.74,17.8
9.514,0,18.1,0,0.713,6.728,94.1,2.496,24,666,20.2,6.68,18.71,14.9
4.752,0,18.1,0,0.713,6.525,86.5,2.436,24,666,20.2,50.92,18.13,14.1
4.669,0,18.1,0,0.713,5.976,87.9,2.581,24,666,20.2,10.48,19.01,12.7
8.201,0,18.1,0,0.713,5.936,80.3,2.779,24,666,20.2,3.5,16.94,13.5
7.752,0,18.1,0,0.713,6.301,83.7,2.783,24,666,20.2,272.209,16.23,14.9
6.801,0,18.1,0,0.713,6.081,84.4,2.717,24,666,20.2,396.898,14.7,20
4.812,0,18.1,0,0.713,6.701,90,2.597,24,666,20.2,255.229,16.42,16.4
3.693,0,18.1,0,0.713,6.376,88.4,2.567,24,666,20.2,391.43,14.65,17.7
6.655,0,18.1,0,0.713,6.317,83,2.734,24,666,20.2,396.898,13.99,19.5
5.821,0,18.1,0,0.713,6.513,89.9,2.802,24,666,20.2,393.818,10.29,20.2
7.839,0,18.1,0,0.655,6.209,65.4,2.963,24,666,20.2,396.898,13.22,21.4
3.164,0,18.1,0,0.655,5.759,48.2,3.066,24,666,20.2,334.398,14.13,19.9
3.775,0,18.1,0,0.655,5.952,84.7,2.871,24,666,20.2,22.01,17.15,19
4.422,0,18.1,0,0.584,6.003,94.5,2.54,24,666,20.2,331.289,21.32,19.1
15.576,0,18.1,0,0.58,5.926,71,2.908,24,666,20.2,368.738,18.13,19.1
13.075,0,18.1,0,0.58,5.713,56.7,2.824,24,666,20.2,396.898,14.76,20.1
4.349,0,18.1,0,0.58,6.167,84,3.033,24,666,20.2,396.898,16.29,19.9
4.038,0,18.1,0,0.532,6.229,90.7,3.099,24,666,20.2,395.328,12.87,19.6
3.569,0,18.1,0,0.58,6.437,75,2.896,24,666,20.2,393.369,14.36,23.2
4.647,0,18.1,0,0.614,6.98,67.6,2.533,24,666,20.2,374.68,11.66,29.8
8.056,0,18.1,0,0.584,5.427,95.4,2.43,24,666,20.2,352.578,18.14,13.8
6.393,0,18.1,0,0.584,6.162,97.4,2.206,24,666,20.2,302.76,24.1,13.3
4.871,0,18.1,0,0.614,6.484,93.6,2.305,24,666,20.2,396.209,18.68,16.7
15.023,0,18.1,0,0.614,5.304,97.3,2.101,24,666,20.2,349.479,24.91,12
10.233,0,18.1,0,0.614,6.185,96.7,2.17,24,666,20.2,379.699,18.03,14.6
14.334,0,18.1,0,0.614,6.229,88,1.951,24,666,20.2,383.318,13.11,21.4
5.824,0,18.1,0,0.532,6.242,64.7,3.424,24,666,20.2,396.898,10.74,23
5.708,0,18.1,0,0.532,6.75,74.9,3.332,24,666,20.2,393.068,7.74,23.7
5.731,0,18.1,0,0.532,7.061,77,3.411,24,666,20.2,395.279,7.01,25
2.818,0,18.1,0,0.532,5.762,40.3,4.098,24,666,20.2,392.92,10.42,21.8
2.379,0,18.1,0,0.583,5.871,41.9,3.724,24,666,20.2,370.729,13.34,20.6
3.674,0,18.1,0,0.583,6.312,51.9,3.992,24,666,20.2,388.619,10.58,21.2
5.692,0,18.1,0,0.583,6.114,79.8,3.546,24,666,20.2,392.68,14.98,19.1
4.836,0,18.1,0,0.583,5.905,53.2,3.152,24,666,20.2,388.219,11.45,20.6
0.151,0,27.74,0,0.609,5.454,92.7,1.821,4,711,20.1,395.09,18.06,15.2
0.183,0,27.74,0,0.609,5.414,98.3,1.755,4,711,20.1,344.049,23.97,7
0.207,0,27.74,0,0.609,5.093,98,1.823,4,711,20.1,318.43,29.68,8.1
0.106,0,27.74,0,0.609,5.983,98.8,1.868,4,711,20.1,390.109,18.07,13.6
0.111,0,27.74,0,0.609,5.983,83.5,2.11,4,711,20.1,396.898,13.35,20.1
0.173,0,9.69,0,0.585,5.707,54,2.382,6,391,19.2,396.898,12.01,21.8
0.28,0,9.69,0,0.585,5.926,42.6,2.382,6,391,19.2,396.898,13.59,24.5
0.179,0,9.69,0,0.585,5.67,28.8,2.799,6,391,19.2,393.289,17.6,23.1
0.29,0,9.69,0,0.585,5.39,72.9,2.799,6,391,19.2,396.898,21.14,19.7
0.268,0,9.69,0,0.585,5.794,70.6,2.893,6,391,19.2,396.898,14.1,18.3
0.239,0,9.69,0,0.585,6.019,65.3,2.409,6,391,19.2,396.898,12.92,21.2
0.178,0,9.69,0,0.585,5.569,73.5,2.4,6,391,19.2,395.77,15.1,17.5
0.224,0,9.69,0,0.585,6.027,79.7,2.498,6,391,19.2,396.898,14.33,16.8
0.063,0,11.93,0,0.573,6.593,69.1,2.479,1,273,21,391.988,9.67,22.4
0.045,0,11.93,0,0.573,6.12,76.7,2.287,1,273,21,396.898,9.08,20.6
0.061,0,11.93,0,0.573,6.976,91,2.167,1,273,21,396.898,5.64,23.9
0.11,0,11.93,0,0.573,6.794,89.3,2.389,1,273,21,393.449,6.48,22
0.047,0,11.93,0,0.573,6.03,80.8,2.505,1,273,21,396.898,7.88,11.9